#,Topic,Question,Option A,Option B,Option C,Option D,Answer,Explanation,Difficulty
1,Bridge Scope,Replacement bridge total length is:,152 ft,162 ft,170 ft,180 ft,B,Proposed replacement bridge (Br. No. 27-0124) is a three-span precast/prestressed slab structure with total length 162 ft.,Easy
2,Construction Method,Planned delivery method for the replacement bridge is:,Cast-in-place staged,Accelerated Bridge Construction (ABC),Incremental launch,Balanced cantilever,B,The replacement bridge will be constructed using the Accelerated Bridge Construction (ABC) technique.,Easy
3,Existing Bridge,Existing 1929 bridge configuration is:,Single-span slab,3-span steel truss middle + RC ends,Concrete box girder,Timber trestle,B,Existing bridge (Br. No. 27-0023) built in 1929 is a three-span structure with steel truss middle span and RC end-spans.,Easy
4,Location,Project is located on:,Route 1 in Marin County,Route 101 in Marin County,Route 1 in Sonoma County,Route 37 in Marin County,A,Contract documents identify Route 1 in Marin County at Point Reyes Station.,Easy
5,Project Limits,Begin construction station (A-line) is shown as:,"Sta ""A"" 10+00","Sta ""A"" 15+45","Sta ""A"" 21+25","Sta ""A"" 29+80",B,"Plans title sheet shows BEGIN CONSTRUCTION at Sta ""A"" 15+45.",Easy
6,Project Limits,End construction station (A-line) is shown as:,"Sta ""A"" 15+45","Sta ""A"" 18+00","Sta ""A"" 21+25","Sta ""A"" 25+20",C,"Plans title sheet shows END CONSTRUCTION at Sta ""A"" 21+25.",Easy
7,Contract Time,Total working days for the contract is:,180,240,300,365,C,Bid Summary lists total number of working days as 300.,Easy
8,Bid Summary,Engineer's Estimate is closest to:,$15.45M,$18.30M,$19.12M,$21.04M,C,Bid Summary shows Engineer's Estimate about $19.12M.,Medium
9,Bid Summary,Low bid (total) is closest to:,$15.45M,$18.30M,$21.04M,$26.50M,B,"Low bid shown as $18,303,333.",Medium
10,Bid Summary,Low bidder listed in the bid summary is:,Golden State Bridge,Myers-Disney JV,Gordon N. Ball,Security Paving,B,Bid Summary lists MYERS-DISNEY JV as low bidder.,Easy
11,Prebid,Addendum 1 made which meeting mandatory?,Weekly progress meeting,Prebid meeting & job site visit,Pre-pour meeting,Utility meeting,B,Addendum 1 adds a Mandatory Prebid Meeting and Job Site Visit.,Easy
12,Prebid,Mandatory prebid meeting date was:,5-Jan-26,15-Jan-26,29-Jan-26,5-Feb-26,B,"Addendum 1 states January 15, 2026.",Easy
13,Prebid,Mandatory prebid meeting time was:,8:00 a.m.,9:00 a.m.,10:00 a.m.,1:00 p.m.,C,Addendum 1 states 10:00 a.m.,Easy
14,Addenda,Addendum 2 added a special notice about:,Traffic detours,Buy America/Build America manufactured products,Pile driving noise waivers,Concrete maturity meters,B,Addendum 2 adds a special notice pointing to Buy America/Build America requirements.,Hard
15,Geotech- South,South-side bedrock depth is about:,35 ft,50 ft,64 ft,97 ft,C,South profile indicates bedrock at about 64 ft (elev ~ -44 ft).,Medium
16,Geotech- North,North-side bedrock depth is about:,64 ft,82 ft,97 ft,140 ft,C,North profile indicates bedrock at about 97 ft (elev ~ -77 ft).,Medium
17,Geology,Bedrock unit described at site is:,Granite,Franciscan Complex mélange (BiMRock),Basalt,Limestone,B,Foundation report describes Franciscan Complex mélange (Block-in-Matrix rock).,Hard
18,Field Datum,"To convert 1929 local datum elevations to NAVD 88, you should:",Subtract ~12.1 ft,Add ~12.1 ft,No conversion needed,Multiply by 1.21,B,Foundation report notes local datum can be converted to NAVD 88 by adding ~12.1 ft.,Medium
19,Boring Program,Which boring was drilled to 140 ft to confirm bedrock conditions?,RW-16-001,RW-18-012,RW-24-001,RW-16-002,C,RW-24-001 (03/28/2024) was drilled to 140 ft adjacent to RW-18-012 to confirm subsurface/bedrock conditions.,Hard
20,Community/Constructability,Why was RW-24-001 drilled after RW-18-012?,To reduce costs,RW-18-012 was terminated short due to community complaints,To avoid groundwater,To change bridge type,B,RW-18-012 stopped ~95 ft due to local complaints; RW-24-001 drilled to planned deeper depth.,Hard
21,Boring Locations,Which two borings were drilled south of Abutment 1?,RW-16-001 & RW-24-001,RW-16-002 & RW-18-011,RW-18-012 & RW-24-001,RW-16-001 & RW-18-012,B,Foundation report states RW-16-002 and RW-18-011 were south of Abutment 1.,Medium
22,Boring Locations,Which borings were drilled north of Abutment 4?,RW-16-002 & RW-18-011,"RW-16-001, RW-18-012, RW-24-001",RW-18-011 only,RW-24-001 only,B,"North side borings include RW-16-001, RW-18-012, and RW-24-001.",Medium
23,Field Testing,SPT blow counts were recorded at intervals of:,Every 1 ft,Every 2 ft,Every 5 ft or 10 ft,Only at final depth,C,Foundation report notes SPT blow counts recorded either at 5-foot or 10-foot intervals.,Easy
24,Groundwater,Which boring recorded groundwater elevation at about 1.0 ft?,RW-16-001,RW-18-011,RW-18-012,RW-16-002,B,Table 1 shows RW-18-011 groundwater elevation ~1.0 ft.,Medium
25,Groundwater,Which boring recorded groundwater elevation at about 2.0 ft?,RW-16-001,RW-18-011,RW-18-012,RW-24-001,C,Table 1 shows RW-18-012 groundwater elevation ~2.0 ft.,Medium
26,Groundwater,Which boring recorded groundwater elevation at about 4.8 ft?,RW-16-001,RW-16-002,RW-18-011,RW-24-001,A,Table 1 shows RW-16-001 groundwater elevation ~4.8 ft.,Medium
27,Field Testing,RW-16-001 SPT hammer efficiency was approximately:,54%,75%,92%,N/A,C,Table 1 shows RW-16-001 hammer efficiency 92%.,Medium
28,Field Testing,RW-16-002 used a manual hammer with efficiency about:,54%,75%,92%,107%,A,Table 1 shows RW-16-002 manual hammer efficiency 54%.,Medium
29,Field Testing,RW-18-011 auto hammer efficiency was approximately:,52%,75%,92%,54%,B,Table 1 shows RW-18-011 auto hammer efficiency 75%.,Medium
30,Field Testing,RW-18-012 hammer efficiency changed at about:,35 ft,50 ft,70 ft,95 ft,C,Table 1 notes 75% up to 70 ft and 52% below 70 ft.,Hard
31,Soil Stratigraphy,South profile top layer (~13 ft) is described as:,Loose silty sand,Hard clay,Very dense gravel,Bedrock,A,South profile includes about 13 ft of loose silty sand at the top.,Medium
32,Soil Stratigraphy,South profile includes a ~15-ft layer described as:,Soft to medium stiff clay,Very dense sand,Peat,Limestone,A,South profile includes ~15-ft thick soft to medium stiff clay.,Medium
33,Soil Stratigraphy,"In the south profile, the 11-ft thick layer is described as:",Loose silty sand,Very dense clayey gravel,Soft clay,Bedrock,B,South profile includes an ~11-ft thick very dense clayey gravel layer.,Medium
34,Soil Stratigraphy,"In the south profile, the second clay layer is approximately:","5 ft thick, very soft","25 ft thick, very stiff to hard","40 ft thick, loose","15 ft thick, medium",B,South profile includes another ~25-ft thick very stiff to hard clay layer below the gravel.,Hard
35,Soil Stratigraphy,North profile before bedrock includes about 82 ft of:,Sandy and gravelly soils,Hard clay only,Peat,Fill,A,North profile consists of ~82 ft of sandy and gravelly soils before the clay layer.,Medium
36,Soil Stratigraphy,North profile clay layer above bedrock is about:,5 ft,10 ft,15 ft,30 ft,C,North profile includes a ~15-ft thick hard gravelly lean clay layer.,Medium
37,Soil Stratigraphy,North profile upper portion (to ~34 ft) is described as:,Very loose to medium dense,Very dense,Hard clay,Bedrock,A,North profile upper sandy/gravelly soils up to ~34 ft are very loose to medium dense.,Hard
38,Rock,South-side bedrock is described as:,Granite,Graywacke sedimentary rock,Limestone,Basalt,B,Foundation report describes bedrock as fine to medium grained slightly weathered sedimentary rock (graywacke).,Medium
39,Seismic Context,The regional fault zone noted near the project is:,Hayward Fault,San Andreas Fault,Garlock Fault,Calaveras Fault,B,Foundation report notes Tomales Bay partially fills the San Andreas fault zone.,Medium
40,Dewatering,Shallow groundwater (1–5 ft) most directly affects:,Striping operations,Excavation/drilling support and dewatering needs,Bridge deck curing,Guardrail terminal selection,B,Groundwater near the surface increases need for excavation/drilling stability measures and potential dewatering.,Medium
41,Production Planning,"Compared to the south side, the north side likely has:",Shallower bedrock and faster drilling,Deeper bedrock and longer drilling cycles,No bedrock and no drilling,Identical cycle times,B,North bedrock ~97 ft vs south ~64 ft implies longer drilling/excavation cycles north.,Medium
42,Constructability,A boring with cave-in conditions suggests you should plan for:,Open-hole drilling without support,Casing or other hole stability measures,No water control,Shorter holes only,B,Cave-in indicates unstable conditions and need for stability measures.,Hard
43,Community Relations,A documented community complaint during drilling means you should:,Assume unlimited work hours,Plan for public sensitivity and potential operational constraints,Ignore stakeholder impacts,Move work to another county,B,Complaints can trigger constraints; plan communications and compliant operations.,Medium
44,Quality Control,"If elevations are taken from 1929 as-builts, you should:",Assume they are NAVD88,Confirm datum and apply +12.1 ft conversion (approx.),Subtract 12.1 ft,Ignore elevation control,B,Foundation report indicates local datum conversion to NAVD88 by adding ~12.1 ft.,Hard
45,Risk- Variable Rock,BiMRock conditions most likely cause:,Uniform tool wear,Sudden changes in drilling resistance,No change in production,No boulders/blocks,B,Block-in-matrix rock includes hard blocks in a weaker matrix—high variability.,Hard
46,Work Limits,"If a crew begins work outside Sta 'A' 15+45 to 21+25, the primary risk is:",Higher concrete strength,Working outside contract limits/traffic control planning,Better drainage,Lower groundwater,B,Begin/end stations define project limits and staging/traffic planning boundaries.,Medium
47,Bridge Type,Replacement bridge superstructure type is described as:,Steel truss,Precast/prestressed concrete slab,Timber deck,Cast-in-place segmental box,B,Foundation report describes a three-span precast/prestressed concrete slab structure.,Easy
48,Construction Meetings,A mandatory prebid meeting requirement primarily signals:,Optional attendance,Contractual requirement—nonattendance can affect eligibility/awareness,Only for suppliers,Only after award,B,Addendum 1 established the meeting as mandatory for bidders.,Medium
49,Procurement,Buy America/Build America requirements most directly affect:,Erosion control wattles,Manufactured product documentation and sourcing,Concrete slump,SPT intervals,B,Addendum 2 adds requirements for manufactured products.,Hard
50,Boring Data Use,Why should field staff know which borings are near which abutment?,To pick paint colors,To anticipate local ground behavior during construction,To avoid surveys,To change bridge span count,B,Boring locations inform localized soil/rock variability and methods planning.,Medium
51,Bid Summary,Number of bidders shown in the bid summary is:,3,5,7,10,B,Bid Summary shows Number of Bidders: 5.,Easy
52,Bid Summary,Low bid compared to Engineer's Estimate was roughly:,Higher by ~19%,Lower by ~19%,Equal,Unknown,B,Bid Summary shows an underrun of about -19.18%.,Medium
53,Concrete Operations,"If a horizontal construction joint is not shown for curb/barrier, the safest field action is:",Place it anyway to speed up,Proceed if contractor prefers,Request authorization before placing,Hide joint in finish,C,Bidder inquiry response points back to standard spec language: joints only where described unless authorized.,Hard
54,Boring Program,RW-16-001 total boring depth was approximately:,80 ft,95 ft,107.5 ft,140 ft,A,Table 1 lists RW-16-001 total depth about 80 ft.,Medium
55,Boring Program,RW-16-001 was completed in which year?,2016,2018,2024,2025,A,Table 1 shows completion date 07/19/2016.,Easy
56,Boring Program,RW-16-001 is on the north side of the bridge in the Foundation Report summary.,North,South,Both,Not stated,A,Foundation report summarizes RW-16-001 as drilled on the north side of the bridge.,Medium
57,Boring Program,RW-16-002 total boring depth was approximately:,80 ft,95 ft,107.5 ft,140 ft,A,Table 1 lists RW-16-002 total depth about 80 ft.,Medium
58,Boring Program,RW-16-002 was completed in which year?,2016,2018,2024,2025,A,Table 1 shows completion date 08/17/2016.,Easy
59,Boring Program,RW-16-002 is on the south side of the bridge in the Foundation Report summary.,North,South,Both,Not stated,B,Foundation report summarizes RW-16-002 as drilled on the south side of the bridge.,Medium
60,Boring Program,RW-18-011 total boring depth was approximately:,80 ft,95 ft,107.5 ft,140 ft,C,Table 1 lists RW-18-011 total depth about 107.5 ft.,Medium
61,Boring Program,RW-18-011 was completed in which year?,2016,2018,2024,2025,B,Table 1 shows completion date 11/16/2018.,Easy
62,Boring Program,RW-18-011 is on the south side of the bridge in the Foundation Report summary.,North,South,Both,Not stated,B,Foundation report summarizes RW-18-011 as drilled on the south side of the bridge.,Medium
63,Boring Program,RW-18-012 total boring depth was approximately:,80 ft,95 ft,107.5 ft,140 ft,B,Table 1 lists RW-18-012 total depth about 95.2 ft.,Medium
64,Boring Program,RW-18-012 was completed in which year?,2016,2018,2024,2025,B,Table 1 shows completion date 11/26/2018.,Easy
65,Boring Program,RW-18-012 is on the north side of the bridge in the Foundation Report summary.,North,South,Both,Not stated,A,Foundation report summarizes RW-18-012 as drilled on the north side of the bridge.,Medium
66,Boring Program,RW-24-001 total boring depth was approximately:,80 ft,95 ft,107.5 ft,140 ft,D,Table 1 lists RW-24-001 total depth about 140 ft.,Medium
67,Boring Program,RW-24-001 was completed in which year?,2016,2018,2024,2025,C,Table 1 shows completion date 03/28/2024.,Easy
68,Boring Program,RW-24-001 is on the north side of the bridge in the Foundation Report summary.,North,South,Both,Not stated,A,Foundation report summarizes RW-24-001 as drilled on the north side of the bridge.,Medium
69,Foundation Planning,Why did the Foundation Report develop separate idealized profiles north vs south?,To change bridge alignment,Soil/rock conditions differ by side and piers are close to abutments,Because borings were missing,To eliminate drilling,B,"Piers and abutments are close (~30 ft), and subsurface conditions differ north vs south, so separate profiles were used.",Hard
70,Layout,Abutment 1 and Pier 2 are roughly how far apart (per Foundation Report narrative)?,10 ft,30 ft,100 ft,300 ft,B,Foundation Report notes Abutment 1 and Pier 2 are only about 30 ft apart.,Medium
71,Layout,Pier 3 and Abutment 4 are roughly how far apart (per Foundation Report narrative)?,10 ft,30 ft,100 ft,300 ft,B,Foundation Report notes Pier 3 and Abutment 4 are only about 30 ft apart.,Medium
72,Rock Coring,Rock coring was performed in which borings?,RW-16-002 and RW-16-001,RW-18-011 and RW-24-001,RW-18-012 only,RW-16-001 only,B,Foundation Report states rock coring was performed in RW-18-011 and RW-24-001.,Hard
73,Drilling Issues,Which boring had cave-in conditions at about 35 ft?,RW-16-001,RW-18-012,RW-18-011,RW-24-001,B,Foundation Report notes RW-18-012 had cave-in conditions at about 35 ft.,Hard
74,Drilling Issues,Which boring experienced continuous drilling fluid loss during drilling?,RW-16-001,RW-16-002,RW-18-011,RW-24-001,A,Foundation Report notes RW-16-001 had continuous drilling fluid loss.,Hard
75,Boring Logs,Which side has deeper bedrock based on the idealized profiles?,South side,North side,Both identical,Not stated,B,North bedrock ~97 ft vs south ~64 ft.,Easy
76,Materials/Compliance,Buy America/Build America notice most affects what early action?,Order without certifications,Confirm manufactured product compliance and documentation before ordering,Ignore for steel,Ignore for electrical,B,Addendum 2 adds manufactured products compliance requirements.,Hard
77,Community,A prior drilling complaint most directly threatens:,Concrete strength,Work-hour flexibility and public relations,Bridge span count,Asphalt gradation,B,Foundation report documents complaints affecting drilling progression; anticipate community constraints.,Medium
78,Risk,Very low RQD (0–12%) most directly implies:,Massive intact rock,Highly fractured rock and variable drilling behavior,No groundwater,Uniform soils,B,Low RQD indicates poor rock quality—fractured and variable.,Hard
79,Planning,Why is it useful that Pier 2 is only ~30 ft from Abutment 1?,It changes the route number,Boring info near the abutment is relevant for adjacent pier conditions,It eliminates surveys,It guarantees bedrock,B,Close spacing means the local profile influences both units.,Medium
80,Schedule,"With 300 working days, the best superintendent-level habit is:",Track only monthly progress,Control weekly production and constraints tightly,Ignore critical path,Delay procurement until late,B,Tight time requires consistent production tracking and constraint removal.,Medium
81,QA/Survey,"If you see elevations from 1929 drawings, what is the first check?",Concrete mix design,Datum consistency (local vs NAVD 88),Rebar size,Traffic striping,B,Foundation report notes 1929 drawings appear to use local datum; conversion to NAVD 88 is ~+12.1 ft.,Medium
82,Dewatering,Groundwater at ~1–2 ft suggests which immediate field preparation?,No pumps needed,Plan for wet conditions and manage water in excavations,Skip WPC controls,Only work at night,B,Shallow groundwater typically requires water management; borings show groundwater near surface.,Medium
83,Boring Logs,Which side has deeper bedrock based on the idealized profiles?,South side,North side,Both identical,Not stated,B,North bedrock ~97 ft vs south ~64 ft.,Easy
84,Materials/Compliance,Buy America/Build America notice most affects what early action?,Order without certifications,Confirm manufactured product compliance and documentation before ordering,Ignore for steel,Ignore for electrical,B,Addendum 2 adds manufactured products compliance requirements.,Hard
85,Community,A prior drilling complaint most directly threatens:,Concrete strength,Work-hour flexibility and public relations,Bridge span count,Asphalt gradation,B,Foundation report documents complaints affecting drilling progression; anticipate community constraints.,Medium
86,Risk,Very low RQD (0–12%) most directly implies:,Massive intact rock,Highly fractured rock and variable drilling behavior,No groundwater,Uniform soils,B,Low RQD indicates poor rock quality—fractured and variable.,Hard
87,Planning,Why is it useful that Pier 2 is only ~30 ft from Abutment 1?,It changes the route number,Boring info near the abutment is relevant for adjacent pier conditions,It eliminates surveys,It guarantees bedrock,B,Close spacing means the local profile influences both units.,Medium
88,Schedule,"With 300 working days, the best superintendent-level habit is:",Track only monthly progress,Control weekly production and constraints tightly,Ignore critical path,Delay procurement until late,B,Tight time requires consistent production tracking and constraint removal.,Medium
89,QA/Survey,"If you see elevations from 1929 drawings, what is the first check?",Concrete mix design,Datum consistency (local vs NAVD 88),Rebar size,Traffic striping,B,Foundation report notes 1929 drawings appear to use local datum; conversion to NAVD 88 is ~+12.1 ft.,Medium
90,Dewatering,Groundwater at ~1–2 ft suggests which immediate field preparation?,No pumps needed,Plan for wet conditions and manage water in excavations,Skip WPC controls,Only work at night,B,Shallow groundwater typically requires water management; borings show groundwater near surface.,Medium
91,Boring Logs,Which side has deeper bedrock based on the idealized profiles?,South side,North side,Both identical,Not stated,B,North bedrock ~97 ft vs south ~64 ft.,Easy
92,Materials/Compliance,Buy America/Build America notice most affects what early action?,Order without certifications,Confirm manufactured product compliance and documentation before ordering,Ignore for steel,Ignore for electrical,B,Addendum 2 adds manufactured products compliance requirements.,Hard
93,Community,A prior drilling complaint most directly threatens:,Concrete strength,Work-hour flexibility and public relations,Bridge span count,Asphalt gradation,B,Foundation report documents complaints affecting drilling progression; anticipate community constraints.,Medium
94,Risk,Very low RQD (0–12%) most directly implies:,Massive intact rock,Highly fractured rock and variable drilling behavior,No groundwater,Uniform soils,B,Low RQD indicates poor rock quality—fractured and variable.,Hard
95,Planning,Why is it useful that Pier 2 is only ~30 ft from Abutment 1?,It changes the route number,Boring info near the abutment is relevant for adjacent pier conditions,It eliminates surveys,It guarantees bedrock,B,Close spacing means the local profile influences both units.,Medium
96,Schedule,"With 300 working days, the best superintendent-level habit is:",Track only monthly progress,Control weekly production and constraints tightly,Ignore critical path,Delay procurement until late,B,Tight time requires consistent production tracking and constraint removal.,Medium
97,QA/Survey,"If you see elevations from 1929 drawings, what is the first check?",Concrete mix design,Datum consistency (local vs NAVD 88),Rebar size,Traffic striping,B,Foundation report notes 1929 drawings appear to use local datum; conversion to NAVD 88 is ~+12.1 ft.,Medium
98,Dewatering,Groundwater at ~1–2 ft suggests which immediate field preparation?,No pumps needed,Plan for wet conditions and manage water in excavations,Skip WPC controls,Only work at night,B,Shallow groundwater typically requires water management; borings show groundwater near surface.,Medium
99,Boring Logs,Which side has deeper bedrock based on the idealized profiles?,South side,North side,Both identical,Not stated,B,North bedrock ~97 ft vs south ~64 ft.,Easy
100,Materials/Compliance,Buy America/Build America notice most affects what early action?,Order without certifications,Confirm manufactured product compliance and documentation before ordering,Ignore for steel,Ignore for electrical,B,Addendum 2 adds manufactured products compliance requirements.,Hard
101,Community,A prior drilling complaint most directly threatens:,Concrete strength,Work-hour flexibility and public relations,Bridge span count,Asphalt gradation,B,Foundation report documents complaints affecting drilling progression; anticipate community constraints.,Medium
102,Risk,Very low RQD (0–12%) most directly implies:,Massive intact rock,Highly fractured rock and variable drilling behavior,No groundwater,Uniform soils,B,Low RQD indicates poor rock quality—fractured and variable.,Hard
103,Planning,Why is it useful that Pier 2 is only ~30 ft from Abutment 1?,It changes the route number,Boring info near the abutment is relevant for adjacent pier conditions,It eliminates surveys,It guarantees bedrock,B,Close spacing means the local profile influences both units.,Medium
104,Schedule,"With 300 working days, the best superintendent-level habit is:",Track only monthly progress,Control weekly production and constraints tightly,Ignore critical path,Delay procurement until late,B,Tight time requires consistent production tracking and constraint removal.,Medium
105,QA/Survey,"If you see elevations from 1929 drawings, what is the first check?",Concrete mix design,Datum consistency (local vs NAVD 88),Rebar size,Traffic striping,B,Foundation report notes 1929 drawings appear to use local datum; conversion to NAVD 88 is ~+12.1 ft.,Medium
106,Dewatering,Groundwater at ~1–2 ft suggests which immediate field preparation?,No pumps needed,Plan for wet conditions and manage water in excavations,Skip WPC controls,Only work at night,B,Shallow groundwater typically requires water management; borings show groundwater near surface.,Medium
107,Boring Logs,Which side has deeper bedrock based on the idealized profiles?,South side,North side,Both identical,Not stated,B,North bedrock ~97 ft vs south ~64 ft.,Easy
108,Materials/Compliance,Buy America/Build America notice most affects what early action?,Order without certifications,Confirm manufactured product compliance and documentation before ordering,Ignore for steel,Ignore for electrical,B,Addendum 2 adds manufactured products compliance requirements.,Hard
109,Community,A prior drilling complaint most directly threatens:,Concrete strength,Work-hour flexibility and public relations,Bridge span count,Asphalt gradation,B,Foundation report documents complaints affecting drilling progression; anticipate community constraints.,Medium
110,Risk,Very low RQD (0–12%) most directly implies:,Massive intact rock,Highly fractured rock and variable drilling behavior,No groundwater,Uniform soils,B,Low RQD indicates poor rock quality—fractured and variable.,Hard
111,Planning,Why is it useful that Pier 2 is only ~30 ft from Abutment 1?,It changes the route number,Boring info near the abutment is relevant for adjacent pier conditions,It eliminates surveys,It guarantees bedrock,B,Close spacing means the local profile influences both units.,Medium
112,Schedule,"With 300 working days, the best superintendent-level habit is:",Track only monthly progress,Control weekly production and constraints tightly,Ignore critical path,Delay procurement until late,B,Tight time requires consistent production tracking and constraint removal.,Medium
113,QA/Survey,"If you see elevations from 1929 drawings, what is the first check?",Concrete mix design,Datum consistency (local vs NAVD 88),Rebar size,Traffic striping,B,Foundation report notes 1929 drawings appear to use local datum; conversion to NAVD 88 is ~+12.1 ft.,Medium
114,Dewatering,Groundwater at ~1–2 ft suggests which immediate field preparation?,No pumps needed,Plan for wet conditions and manage water in excavations,Skip WPC controls,Only work at night,B,Shallow groundwater typically requires water management; borings show groundwater near surface.,Medium
115,Boring Logs,Which side has deeper bedrock based on the idealized profiles?,South side,North side,Both identical,Not stated,B,North bedrock ~97 ft vs south ~64 ft.,Easy
116,Materials/Compliance,Buy America/Build America notice most affects what early action?,Order without certifications,Confirm manufactured product compliance and documentation before ordering,Ignore for steel,Ignore for electrical,B,Addendum 2 adds manufactured products compliance requirements.,Hard
117,Community,A prior drilling complaint most directly threatens:,Concrete strength,Work-hour flexibility and public relations,Bridge span count,Asphalt gradation,B,Foundation report documents complaints affecting drilling progression; anticipate community constraints.,Medium
118,Risk,Very low RQD (0–12%) most directly implies:,Massive intact rock,Highly fractured rock and variable drilling behavior,No groundwater,Uniform soils,B,Low RQD indicates poor rock quality—fractured and variable.,Hard
119,Planning,Why is it useful that Pier 2 is only ~30 ft from Abutment 1?,It changes the route number,Boring info near the abutment is relevant for adjacent pier conditions,It eliminates surveys,It guarantees bedrock,B,Close spacing means the local profile influences both units.,Medium
120,Schedule,"With 300 working days, the best superintendent-level habit is:",Track only monthly progress,Control weekly production and constraints tightly,Ignore critical path,Delay procurement until late,B,Tight time requires consistent production tracking and constraint removal.,Medium
121,UHPC Submittals,Before UHPC mock-up starts you must submit the UHPC materials order showing:,Only delivery tickets,Manufacturer type and quantity ordered,Only unit price,Only SDS,B,Specs require copy of UHPC materials order with manufacturer type and quantity sufficient for mock-up testing production and waste.,Medium
122,UHPC Work Plan,UHPC work plan must cover storage mixing delivery placement curing and:,Finishing,Traffic striping,Guardrail install,Pile drilling,A,Specs require a UHPC work plan for storage mixing delivery placement curing and finishing.,Easy
123,UHPC Work Plan,UHPC work plan must include methods to prevent what during placement and curing?,Concrete discoloration,Vibration and loading of UHPC,Rebar congestion,Traffic delays,B,Specs require methods for prevention of vibration and loading of UHPC during placement and curing.,Hard
124,UHPC Work Plan,UHPC work plan must include methods to prevent what during cure between adjacent girders?,Leakage at vents,Relative displacement along the joint,Concrete cracking in deck,Surface scaling,B,Specs require methods to prevent relative displacement along the joint between adjacent girders during UHPC cure.,Hard
125,UHPC Authorization,Who authorizes the UHPC work plan for production work?,Contractor superintendent,UHPC supplier,Engineer after successful mock-up,Resident engineer assistant,C,Engineer authorizes UHPC work plan after successful completion of mock-up.,Medium
126,UHPC Document Control,After authorization what must be kept at the jobsite?,Draft work plan only,Authorized UHPC work plan,Only mix proportions,Only batch tickets,B,Specs require maintaining a copy of the authorized UHPC work plan at the jobsite.,Easy
127,UHPC Batching Records,Batching records must include mixer identification or serial number and:,Pile tip elevation,Date and time of batch,Guardrail length,Traffic counts,B,Specs list batching record requirements including date and time and mixer identification.,Medium
128,UHPC Batching Records,Batching records must include the time of:,Rebar placement,Water addition,Form stripping,Saw cutting,B,Specs require time of water addition in batching records.,Medium
129,UHPC Batching Records,Batching records must include amount of water and ice added:,Before initial mixing only,After initial mixing,Not required,Only on hot days,B,Specs require amount of water and ice added after initial mixing.,Hard
130,UHPC Batching Records,Batching records must include total mixing time and:,Concrete slump,Time of discharge,Rebar heat number,Truck axle weights,B,Specs require total mixing time and time of discharge.,Medium
131,UHPC Batching Records,Batching records must include ambient temperature and:,Concrete color number,Batch temperature at initial discharge,Wind speed only,Humidity only,B,Specs require ambient temperature and batch temperature at initial discharge.,Medium
132,UHPC Batching Records,Batching records must include result of which fresh property test?,Air meter only,Flow test,Rebound hammer,Penetration only,B,Specs require result of flow test in batching records.,Medium
133,UHPC Strength-Maturity,Strength-maturity validation report readings must be taken at maximum intervals of:,5 minutes,15 minutes,30 minutes,60 minutes,B,Specs require readings at a maximum of 15-minute intervals.,Hard
134,UHPC Strength-Maturity,Which method is NOT allowed to determine maturity index?,Instrument that displays maturity index directly,Temperature logger used to calculate maturity index,Calibrated maturity instrument,Maturity instrument per manufacturer,B,Specs prohibit using temperature loggers to calculate maturity index.,Hard
135,UHPC Prequalification,Before placing UHPC you must prequalify:,Only water source,Materials mix proportions mixing equipment and procedures,Only cement source,Only fibers,B,Specs require prequalification of UHPC materials mix proportions mixing equipment and procedures.,Hard
136,UHPC Mock-up Purpose,UHPC mock-up must demonstrate UHPC flows for the distance required by:,Traffic handling plan,Proposed construction procedure,Survey control,Bridge rail details,B,Specs require mock-up demonstrate flow distance required by proposed construction procedure.,Hard
137,UHPC Mock-up Purpose,UHPC mock-up must demonstrate UHPC completely fills forms and spaces and:,Does not leak during placement,Has low slump,Has high air content,Sets in 30 minutes,A,Specs require mock-up demonstrate complete filling and no leakage during placement.,Hard
138,UHPC Mock-up Purpose,UHPC mock-up must demonstrate reinforcement and embedments are:,Removed after pour,Fully encapsulated,Partially exposed,Coated with epoxy,B,Specs require full encapsulation of reinforcement and embedment.,Hard
139,UHPC Mock-up Purpose,UHPC mock-up must demonstrate steel fibers are:,Excluded at joints,Uniformly distributed,Placed only at top,Placed only at bottom,B,Specs require uniform fiber distribution with no segregation.,Hard
140,UHPC Mock-up Hold Point,Minimum required PC/UHPC mock-ups is:,1,2,3,4,B,Specs require constructing at least 2 PC/UHPC mock-ups.,Medium
141,UHPC Personnel,UHPC for mock-ups must use the same personnel materials equipment mix design and methods as:,Any previous project,Production work,Design assumptions,Inspector preference,B,Specs require mock-up replicate production conditions including personnel and methods.,Hard
142,UHPC Joint Sealing,Before pre-wetting forms or leak tests you must seal keyways joints forms and casings with:,Curing compound,Joint sealant per authorized work plan,Silicone caulk not approved,Grout after placement,B,Specs require sealing with joint sealant before pre-wetting or leak tests.,Hard
143,UHPC Pre-wetting,Pre-wet UHPC receiving surface for a minimum of:,30 minutes,1 hour,2 hours,4 hours,C,Specs require minimum 2 hours pre-wetting to reach saturated surface-dry condition.,Medium
144,UHPC Forms,UHPC work plan must include securing what between modules for pouring UHPC?,Open bottom joint,Watertight bottom temporary form,Geotextile only,No form needed,B,Specs require a watertight bottom temporary form between modules.,Hard
145,UHPC Forming,UHPC work plan must include forming with vents and seals to prevent:,Hydration,Leakage,Fiber clumping,Overstrength,B,Specs require forming including vents and seals for leak prevention.,Hard
146,UHPC Forming,Top forms must be non-absorbent and secured to resist:,Wind loads,Hydrostatic pressure,Traffic impact,Seismic loads,B,Specs require top forms resist hydrostatic pressure.,Hard
147,UHPC Placement,UHPC work plan must include providing and maintaining:,Traffic headway,Hydrostatic head during placement,Minimum slump,Minimum air content,B,Specs require maintaining hydrostatic head during placement.,Hard
148,UHPC Placement,UHPC work plan requires overfilling UHPC spaces by approximately:,1/8 inch,3/8 inch,3/4 inch,1 inch,B,Specs require overfilling by about 3/8 inch.,Hard
149,UHPC Placement Interruption,UHPC work plan must include method for intermixing separate pours if:,Wind exceeds limits,Flow is interrupted,Traffic is stopped,Inspector leaves,B,Specs require methods to intermix separate pours if flow is interrupted.,Hard
150,UHPC Curing,UHPC work plan must include maintaining external curing temperature until:,28-day strength is achieved,18-hour strength is achieved by cylinder breaks,56-day strength is achieved,Concrete is cool to touch,B,Specs require maintaining curing temperature until 18-hour strength is obtained as evidenced by cylinder breaks.,Hard
151,UHPC Manufacturer Rep,For each mixing and placing of UHPC who must be present?,Engineer only,UHPC manufacturer representative,Traffic control lead,Survey chief,B,Specs require UHPC manufacturer representative present for each mixing and placing.,Hard
152,UHPC Preconstruction Meeting,UHPC preconstruction meeting must be held after authorization of mock-up work plan and at least:,1 day before mock-up,3 days before mock-up,5 days before mock-up,10 days before mock-up,C,Specs require mandatory UHPC preconstruction meeting at least 5 days before starting mock-up work.,Hard
153,UHPC Meeting Attendees,UHPC preconstruction meeting attendees must include Engineer and:,Only contractor superintendent,UHPC manufacturer rep and field QC plus sampling and testing personnel,Only concrete supplier,Only crane operator,B,Specs list required attendees including UHPC manufacturer rep and field QC/testing personnel.,Medium
154,UHPC QC Topic,UHPC preconstruction meeting discussion should include QC sampling and testing including:,No cylinder prep,End grinding of cylinders,Only visual checks,Only slump tests,B,Specs require discussion including end grinding of cylinders.,Hard
155,UHPC Mock-up Sensors,For UHPC mock-up temperature sensors must be placed:,Only at midspan,At each end and about 5-foot centers,Only at one end,Only where contractor chooses,B,Specs require sensors at each end and about 5-foot centers with exact locations directed by Engineer.,Hard
156,UHPC Mock-up Strength Validation,During UHPC mock-up cylinders must validate strengths at 12 hr 14 hr 18 hr and:,28 days,56 days,90 days,7 days,B,Specs require validation including 56-day strength.,Hard
157,UHPC Mock-up Cuts,After UHPC mock-up attains 12 ksi you must cut each mock-up at:,1 location,2 locations,3 locations,No cuts required,C,Specs require cutting at 3 locations to validate mixing encapsulation fiber distribution no cold joints and filling.,Hard
158,UHPC Mock-up Cut Review,After mock-up cuts allow Engineer how long for review?,1 business day,3 business days,5 business days,10 business days,C,Specs require allowing 5 business days for review.,Medium
159,UHPC Rejection Response,If Engineer rejects a mock-up you must submit revised mock-up and UHPC work plans and allow review of:,3 days,5 days,7 days,14 days,C,Specs require allowing 7 days for review of revised work plans.,Hard
160,UHPC Acceptance Basis,Department acceptance of UHPC includes sampling testing and inspections performed by:,Contractor only,Department to verify compliance,Supplier only,Third-party only,B,Specs define Department acceptance includes Department sampling testing and inspections.,Medium
161,UHPC Acceptance Flow,UHPC acceptance flow requirement is ASTM C1856 with range:,4-6 inches,6-8 inches,7-10 inches,10-12 inches,C,Acceptance table lists flow 7-10 inches under ASTM C1856.,Hard
162,UHPC Acceptance Strength,UHPC acceptance requires compressive strength of 12 ksi at 18 hours and:,18 ksi at 28 days,20 ksi at 56 days,20 ksi at 28 days,12 ksi at 12 hours,B,Acceptance table includes 20 ksi at 56 days.,Hard
163,UHPC Lot Definition,A UHPC compressive test represents no more than:,10 cubic yards,25 cubic yards,50 cubic yards,100 cubic yards,B,Specs state a compressive test represents no more than 25 cu yd and is average of 5 cylinders from one load.,Hard
164,UHPC Cylinder Prep,UHPC compressive test cylinders must be prepared using:,Capping compound only,Automatic cylinder end grinding machine,Hand grinding only,No end preparation,B,Specs require automatic concrete cylinder end grinding.,Hard
165,UHPC Testing Lab,UHPC compressive strength testing must be performed at:,Any local lab,AASHTO-accredited lab capable of end grinding,Field lab only,Manufacturer lab only,B,Specs require AASHTO-accredited laboratory capable of end grinding.,Hard
166,UHPC Materials Control,UHPC used for mock-up and production must be from same manufacturer and same:,Truck number,Lot or batch number,Mixer serial number,Water source,B,Specs require same manufacturer and same lot or batch number.,Hard
167,UHPC Shelf Life,UHPC manufacture date must be no more than how long before production placement?,6 months,12 months,18 months,24 months,C,Specs require manufacture date no more than 18 months before UHPC is placed in production.,Hard
168,UHPC Surface Roughness,PC surfaces in contact with UHPC must have exposed aggregate finish minimum amplitude of:,1/16 inch,1/8 inch,1/4 inch,1/2 inch,B,Specs require minimum amplitude 1/8 inch with average 1/4 inch.,Hard
169,UHPC Surface Roughness,PC surfaces in contact with UHPC must have exposed aggregate finish average amplitude of:,1/16 inch,1/8 inch,1/4 inch,1/2 inch,C,Specs require average amplitude 1/4 inch.,Hard
170,UHPC Preassembly,Before shipping precast members you must preassemble to verify geometry and field connections and:,Pour UHPC at plant,Assemble PC elements in the order shown,Install bridge rail,Install approach pavement,B,Specs require assembling PC elements in the order shown during preassembly.,Hard
171,UHPC Preassembly Notice,Notify Engineer at least how many days before preassembly?,1 day,3 days,5 days,10 days,C,Specs require notifying Engineer at least 5 days before preassembly and performing in Engineer presence.,Medium
172,UHPC Preassembly Presence,Preassembly must be performed in the presence of:,Concrete supplier,Engineer,UHPC rep only,Survey chief,B,Specs require preassembly in the presence of the Engineer.,Medium
173,UHPC Preassembly Shipping,After preassembly you must:,Ship assembled units,Disassemble before shipping,Leave at plant,Pour UHPC on the ground,B,Specs require disassembling precast members before shipping to job site.,Medium
174,UHPC Form Retarder,Apply what to PC surfaces to be in contact with UHPC?,Epoxy coating,Form retarder per manufacturer instructions,Curing compound,Bituminous membrane,B,Specs require applying form retarder to PC concrete surfaces to be in contact with UHPC under manufacturer instructions.,Medium
175,UHPC Joint Material,Concrete for connecting joints between PC/PS concrete box girders must be:,Standard structural concrete,RSC,UHPC,Epoxy grout,C,Specs require connecting joints constructed using UHPC.,Hard
176,UHPC Plans Load Limit,Plans state construction equipment loads are not allowed until UHPC joint strength reaches:,6 ksi,10 ksi,12 ksi,14 ksi,C,Plans note construction equipment loads not allowed until UHPC joints reach 12 ksi.,Hard
177,UHPC Plans Load Limit,Plans state full traffic loads are not allowed until UHPC joint strength reaches:,12 ksi,14 ksi,18 ksi,20 ksi,B,Plans note full traffic loads not allowed until UHPC joints reach 14 ksi.,Hard
178,UHPC Plans Grinding,Plans state UHPC may be ground flush after UHPC reaches:,12 ksi,14 ksi,18 ksi,20 ksi,B,Plans note grinding flush after UHPC has reached 14 ksi.,Medium
179,UHPC Plans Rebar,Plans note UHPC joint reinforcement #5 must be:,Black bar,Galvanized in entirety,Epoxy coated only,Stainless only,B,Plans require #5 UHPC joint reinforcement galvanized in entirety whether spliced or unspliced.,Medium
180,RSC Requirement,Concrete for abutments and bent caps must be constructed using:,Standard structural concrete,RSC,UHPC,Shotcrete,B,Specs state abutments and bent caps must be constructed using RSC.,Hard
181,Mass Concrete,Portions required to be constructed as mass concrete are:,Deck only,Bent caps and abutments,Footings only,Barriers only,B,Specs table identifies bent caps and abutments as mass concrete under section 51-6.,Hard
182,RSC Work Plan Timing,Submit an RSC work placement plan at least how many days before use?,3 days,5 days,10 days,15 days,C,Specs require submitting RSC work placement plan at least 10 days before use.,Hard
183,RSC Work Plan Content,RSC work placement plan must include methods and procedures for storing handling transporting and:,Traffic staging,Staging materials at job site,Installing rail,Driving piles,B,Specs require staging materials at the job site and include mixing QC and placing finishing curing.,Medium
184,RSC Work Plan Content,RSC work placement plan must include methods and procedures for QC sampling and testing and:,Striping,Placing finishing and curing,Bridge demolition,Electrical work,B,Specs require plan include QC sampling and testing and placing finishing and curing.,Medium
185,RSC Contingency Plan,Submit a contingency plan for correcting problems during transportation production placement or:,Finishing,Steel erection,Surveying,Traffic striping,A,Specs require a contingency plan for correcting problems during transportation production placement or finishing of RSC.,Hard
186,RSC Mock-up Plan Timing,Submit an RSC work placement plan for mock-up construction at least:,3 days before,5 days before,10 days before,15 days before,C,Specs require RSC mock-up work placement plan at least 10 days before constructing mock-up.,Hard
187,RSC Mock-up Submittal,After mock-up you must submit:,Air content only,Compressive strength test results,No results required,Rebound hammer results only,B,Specs require submitting compressive strength test results from the mock-up.,Medium
188,RSC QC Manager Certification,RSC QC manager must hold current ACI certifications:,"Concrete Field Testing Grade I only","Concrete Laboratory Testing Grade II only","Both Field Testing Grade I and Lab Testing Grade II","None required",C,Specs require QC manager holds ACI Concrete Field Testing Technician Grade I and Concrete Laboratory Testing Technician Grade II.,Hard
189,RSC QC Manager Duties,QC manager must review and sign sampling inspection and test reports before:,Placement,Submitting them,Ordering materials,Stripping forms,B,Specs require QC manager review and sign reports before submitting.,Medium
190,RSC QC Manager Presence,QC manager must be present for establishing volumetric mixer control settings and:,Traffic meetings,Mock-up construction and meetings with Engineer,Survey staking,Welding inspection,B,Specs list QC manager presence requirements including mock-up construction and meetings related to production placement or testing.,Hard
191,RSC QC Manager Independence,QC manager must not be a member of production or paving crews and must not be an inspector or:,Tester,Superintendent,Foreman,Safety officer,A,Specs prohibit QC manager being production crew inspector or tester.,Hard
192,RSC QC Duty Limits,During production and placement of RSC QC manager must have no duties except those:,Assigned by foreman,Specified in the QC requirements,Traffic control related,Survey related,B,Specs state QC manager must have no duties during production and placement of RSC except those specified.,Hard
193,RSC Preconstruction Meeting Timing,Schedule and hold a preconstruction meeting at least how many business days before RSC work?,2,3,5,10,C,Specs require preconstruction meeting at least 5 business days before RSC work.,Hard
194,RSC Preconstruction Meeting Facility,For the RSC preconstruction meeting who provides the meeting facility?,Engineer,Contractor,City,Manufacturer,B,Specs require contractor provide meeting facility.,Easy
195,RSC Preconstruction Meeting Attendees,The RSC meeting must include the Engineer and your reps and any subcontractors involved in:,UHPC work,RSC work,Piling only,Traffic control only,B,Specs require meeting include subcontractors involved in RSC work.,Medium
196,RSC Meeting Agenda,RSC preconstruction meeting discussion should include storing and staging materials QC sampling and testing mixing placing finishing curing and:,Striping plan,Contingency plan,Paint plan,Detour map,B,Specs list agenda includes contingency plan.,Medium
197,RSC Mock-up Requirement,Construct a mock-up for each type of bridge element to be constructed with:,UHPC,RSC,Asphalt,Steel,B,Specs require mock-up for each type of bridge element to be constructed with RSC.,Hard
198,RSC Mock-up Size,For abutments and bent caps the RSC mock-up must be a rectangular block:,3 ft by 3 ft by 3 ft,6 ft by 4.67 ft by 42 ft,10 ft by 6 ft by 10 ft,Any size approved later,B,Specs define abutment and bent cap mock-up block size 6 x 4.67 x 42 ft.,Hard
199,RSC Mock-up Replication,RSC mock-up must be constructed using personnel materials tools equipment and methods to be used in:,Any project,RSC work,Steel erection,Traffic control,B,Specs require mock-up use same resources and methods as production RSC work.,Hard
200,RSC Mock-up Forms,RSC mock-up forms must be similar to forms used for production element and include RSC reinforcement and:,Concrete embedments shown,Asphalt,Steel plates only,No embedments,A,Specs require including reinforcement and concrete embedments shown.,Hard
201,RSC Mock-up Purpose,RSC mock-up must demonstrate you can construct a bridge element within anticipated time periods including delivery placement finishing curing and in:,Better weather only,Similar atmospheric conditions expected during construction,Night shift only,Winter only,B,Specs require similar atmospheric conditions expected during construction.,Hard
202,RSC Mass Concrete Proof,RSC mock-up must demonstrate thermal control plan temperature data daily daily progress report and max allowable temperature differential comply with:,Section 12,Section 19,Section 51-6.01C,Section 83,C,Specs require mock-up demonstrate mass concrete controls comply with section 51-6.01C.,Hard
203,RSC Mock-up Placement,RSC in the mock-up must be placed in the presence of the:,Batch plant manager,Engineer,City inspector,UHPC rep,B,Specs require placing RSC in mock-up in the Engineers presence.,Medium
204,RSC Mock-up Testing,RSC compressive strength testing must be performed and cylinders prepared under:,ASTM C39 only,California Test 540 Method 2,ASTM C805,No cylinder testing,B,Specs require cylinders prepared under California Test 540 Method 2 for RSC mock-up testing.,Hard
205,RSC Mock-up Minimum Strength,RSC for mock-up must develop minimum compressive strength of 3000 psi at:,12 hours,18 hours,24 hours,56 days,C,Specs list minimum 3000 psi at 24 hours.,Hard
206,RSC Mock-up Minimum Strength,RSC for mock-up must develop minimum compressive strength of 4000 psi at:,24 hours,Age of break,7 days,56 days,B,Specs list minimum 4000 psi at age of break and 4000 psi at 28 days.,Hard
207,RSC Mock-up Minimum Strength,RSC for mock-up must develop minimum compressive strength of 4000 psi at:,3 days,7 days,28 days,56 days,C,Specs list minimum 4000 psi at 28 days.,Hard
208,RSC Mock-up Sawcut,For RSC mock-up you must saw cut the mock-up:,Not allowed,Full-depth as directed,Only partial depth at corners,Only after 56 days,B,Specs require saw cutting the mock-up full-depth as directed.,Hard
209,RSC Rejection Response,If Engineer rejects RSC mock-up you must:,Start RSC work anyway,Construct additional mock-ups until authorized,Only submit a letter,Change mix without notice,B,Specs require additional mock-ups until authorized and mock-up must be authorized before starting RSC work.,Hard
210,RSC Disposal,Dispose of the RSC mock-up:,Immediately after pour,After authorization by Engineer,After 24 hours only,After traffic opening,B,Specs state dispose of the mock-up after it is authorized and directed.,Medium
211,RSC Prequal Option,RSC used for constructing the mock-up may be used to concurrently:,Avoid mass concrete controls,Prequalify the RSC mix design,Replace UHPC,Skip QC manager,B,Specs state RSC for mock-up may be used to concurrently prequalify the RSC mix design.,Hard
212,RSC Specified Strength,RSC used to construct abutments and bent caps must have minimum specified compressive strength of 4000 psi at:,24 hours,28 days,Age of break,56 days,C,Specs add requirement for abutments and bent caps: 4000 psi minimum at age of break.,Hard
213,UHPC Fresh Testing,Furnish a flow mold for testing UHPC under:,ASTM C1856,ASTM C39,ASTM C666,ASTM C805,A,Specs require furnishing a flow mold for testing UHPC under ASTM C1856.,Medium
214,UHPC Cylinders,Provide cylinder molds for UHPC compressive strength testing that are:,2-inch diameter,3-inch diameter,4-inch diameter,6-inch diameter,B,Specs require 3-inch diameter cylinder molds for UHPC compressive strength testing.,Medium
215,UHPC Field Testing Role,Who performs flow testing and prepares UHPC cylinders for testing?,Contractor QC tech,Engineer,UHPC manufacturer representative,Batch plant driver,C,Specs state UHPC manufacturers representative performs flow testing and prepares cylinders.,Hard
216,UHPC Mock-up Hold Point,Before starting mock-up work you must obtain authorization of QC plans for PC members and:,UHPC mock-up work plan,Traffic detour plan,Pile plan,Bridge rail plan,A,Specs require authorization of QC plans for PC members and UHPC mock-up work plan before starting mock-up work.,Hard
217,UHPC Notification,Notify the Engineer at least how many business days before starting assembly of UHPC mock-ups?,1,2,3,5,C,Specs require notifying Engineer at least 3 business days before starting assembly of mock-ups.,Medium
218,UHPC Material Properties,UHPC definition includes water-to-cementitious ratio less than 0.25 and high percentage of:,Coarse aggregate,Discontinuous internal fiber reinforcement,Air voids,Epoxy resin,B,Specs define UHPC as cementitious composite with w/cm less than 0.25 and high percentage of discontinuous internal fiber reinforcement.,Hard
219,UHPC Acceptance Timing,Department uses strength-maturity results from mock-up to determine compressive strength of UHPC placed in the field by using:,Rebound hammer only,Maturity index relationship,Visual inspection only,Air content only,B,Specs require using strength-maturity relationship verified during mock-up to determine field UHPC strength via maturity index.,Hard
220,Mass Concrete Focus,Why is RSC mock-up thermal control plan validation critical for bent caps and abutments?,These elements are small,These elements are mass concrete and require temperature differential control,Only for aesthetics,Only for traffic control,B,Specs designate bent caps and abutments as mass concrete and require compliance with thermal control plan and maximum temperature differential requirements.,Hard
